idx,brute,bin,freq
1,1,12,23
2,2,11,22
3,3,13,21
4,4,10,24
5,5,13,23
6,6,12,20
7,7,14,24
8,8,9,23
9,9,13,22
10,10,12,24
11,11,14,19
12,12,11,24
13,13,14,23
14,14,13,22
15,15,15,25
16,16,8,24
17,17,13,21
18,18,12,25
19,19,14,24
20,20,11,23
21,21,14,25
22,22,13,18
23,23,15,24
24,24,10,23
25,25,14,22
26,26,13,25
27,27,15,24
28,28,12,21
29,29,15,25
30,30,14,24
31,31,16,23
32,32,7,25
33,33,13,20
34,34,12,25
35,35,14,24
36,36,11,23
37,37,14,26
38,38,13,25
39,39,15,22
40,40,10,26
41,41,14,25
42,42,13,24
43,43,15,26
44,44,12,11
45,45,15,10
46,46,14,12
47,47,16,9
48,48,9,12
49,49,14,11
50,50,13,8
51,51,15,12
52,52,12,11
53,53,15,10
54,54,14,13
55,55,16,12
56,56,11,7
57,57,15,12
58,58,14,11
59,59,16,13
60,60,13,10
61,61,16,13
62,62,15,12
63,63,6,9
64,64,13,13
65,65,12,12
66,66,14,11
67,67,11,14
68,68,14,13
69,69,13,6
70,70,15,12
71,71,10,11
72,72,14,13
73,73,13,10
74,74,15,13
75,75,12,12
76,76,15,9
77,77,14,13
78,78,16,12
79,79,9,11
80,80,14,14
81,81,13,13
82,82,15,8
83,83,12,13
84,84,15,12
85,85,14,11
86,86,16,14
87,87,11,13
88,88,15,10
89,89,14,14
90,90,16,13
91,91,13,12
92,92,16,15
93,93,15,14
94,94,17,5
95,95,8,12
96,96,14,11
97,97,13,13
98,98,15,10
99,99,12,13
100,100,15,12
101,101,14,9
102,102,16,13
103,103,11,12
104,104,15,11
105,105,14,14
106,106,16,13
107,107,13,8
108,108,16,13
109,109,15,12
110,110,17,11
111,111,10,14
112,112,15,13
113,113,14,10
114,114,16,14
115,115,13,13
116,116,16,12
117,117,15,15
118,118,17,14
119,119,12,7
120,120,16,13
121,121,15,12
122,122,17,14
123,123,14,11
124,124,17,14
125,125,16,13
126,126,5,10
127,127,13,14
128,128,12,13
129,129,14,12
130,130,11,15
131,131,14,14
132,132,13,9
133,133,15,14
134,134,10,13
135,135,14,12
136,136,13,15
137,137,15,14
138,138,12,11
139,139,15,15
140,140,14,14
141,141,16,13
142,142,9,16
143,143,14,15
144,144,13,4
145,145,15,12
146,146,12,11
147,147,15,13
148,148,14,10
149,149,16,13
150,150,11,12
151,151,15,9
152,152,14,13
153,153,16,12
154,154,13,11
155,155,16,14
156,156,15,13
157,157,17,8
158,158,8,13
159,159,14,12
160,160,13,11
161,161,15,14
162,162,12,13
163,163,15,10
164,164,14,14
165,165,16,13
166,166,11,12
167,167,15,15
168,168,14,14
169,169,16,7
170,170,13,13
171,171,16,12
172,172,15,14
173,173,17,11
174,174,10,14
175,175,15,13
176,176,14,10
177,177,16,14
178,178,13,13
179,179,16,12
180,180,15,15
181,181,17,14
182,182,12,9
183,183,16,14
184,184,15,13
185,185,17,12
186,186,14,15
187,187,17,14
188,188,16,11
189,189,7,15
190,190,14,14
191,191,13,13
192,192,15,16
193,193,12,15
194,194,15,6
195,195,14,13
196,196,16,12
197,197,11,14
198,198,15,11
199,199,14,14
200,200,16,13
201,201,13,10
202,202,16,14
203,203,15,13
204,204,17,12
205,205,10,15
206,206,15,14
207,207,14,9
208,208,16,14
209,209,13,13
210,210,16,12
211,211,15,15
212,212,17,14
213,213,12,11
214,214,16,15
215,215,15,14
216,216,17,13
217,217,14,16
218,218,17,15
219,219,16,8
220,220,9,14
221,221,15,13
222,222,14,15
223,223,16,12
224,224,13,15
225,225,16,14
226,226,15,11
227,227,17,15
228,228,12,14
229,229,16,13
230,230,15,16
231,231,17,15
232,232,14,10
233,233,17,15
234,234,16,14
235,235,18,13
236,236,11,16
237,237,16,15
238,238,15,12
239,239,17,16
240,240,14,15
241,241,17,14
242,242,16,17
243,243,18,16
244,244,13,17
245,245,17,16
246,246,16,18
247,247,18,15
248,248,15,18
249,249,18,17
250,250,17,14
251,251,4,18
252,252,13,17
253,253,12,16
254,254,14,19
255,255,11,18
256,256,14,13
257,257,13,18
258,258,15,17
259,259,10,19
260,260,14,16
261,261,13,19
262,262,15,18
263,263,12,15
264,264,15,19
265,265,14,18
266,266,16,17
267,267,9,20
268,268,14,19
269,269,13,12
270,270,15,18
271,271,12,17
272,272,15,19
273,273,14,16
274,274,16,19
275,275,11,18
276,276,15,15
277,277,14,19
278,278,16,18
279,279,13,17
280,280,16,20
281,281,15,19
282,282,17,14
283,283,8,19
284,284,14,18
285,285,13,17
286,286,15,20
287,287,12,19
288,288,15,16
289,289,14,20
290,290,16,19
291,291,11,18
292,292,15,21
293,293,14,20
294,294,16,11
295,295,13,18
296,296,16,17
297,297,15,19
298,298,17,16
299,299,10,19
300,300,15,18
301,301,14,15
302,302,16,19
303,303,13,18
304,304,16,17
305,305,15,20
306,306,17,19
307,307,12,14
308,308,16,19
309,309,15,18
310,310,17,20
311,311,14,17
312,312,17,20
313,313,16,19
314,314,7,16
315,315,14,20
316,316,13,19
317,317,15,18
318,318,12,21
319,319,15,20
320,320,14,13
321,321,16,19
322,322,11,18
323,323,15,20
324,324,14,17
325,325,16,20
326,326,13,19
327,327,16,16
328,328,15,20
329,329,17,19
330,330,10,18
331,331,15,21
332,332,14,20
333,333,16,15
334,334,13,20
335,335,16,19
336,336,15,18
337,337,17,21
338,338,12,20
339,339,16,17
340,340,15,21
341,341,17,20
342,342,14,19
343,343,17,22
344,344,16,21
345,345,9,18
346,346,15,17
347,347,14,16
348,348,16,19
349,349,13,18
350,350,16,15
351,351,15,19
352,352,17,18
353,353,12,17
354,354,16,19
355,355,15,14
356,356,17,19
357,357,14,18
358,358,17,17
359,359,16,20
360,360,18,19
361,361,11,16
362,362,16,20
363,363,15,19
364,364,17,18
365,365,14,20
366,366,17,13
367,367,16,19
368,368,18,18
369,369,13,17
370,370,17,20
371,371,16,19
372,372,18,16
373,373,15,20
374,374,18,19
375,375,17,18
376,376,6,20
377,377,14,15
378,378,13,20
379,379,15,19
380,380,12,18
381,381,15,20
382,382,14,17
383,383,16,21
384,384,11,20
385,385,15,19
386,386,14,21
387,387,16,12
388,388,13,19
389,389,16,18
390,390,15,17
391,391,17,20
392,392,10,19
393,393,15,16
394,394,14,20
395,395,16,19
396,396,13,18
397,397,16,20
398,398,15,15
399,399,17,20
400,400,12,19
401,401,16,18
402,402,15,21
403,403,17,20
404,404,14,17
405,405,17,21
406,406,16,20
407,407,18,19
408,408,9,21
409,409,15,14
410,410,14,20
411,411,16,19
412,412,13,18
413,413,16,21
414,414,15,20
415,415,17,17
416,416,12,21
417,417,16,20
418,418,15,19
419,419,17,21
420,420,14,16
421,421,17,21
422,422,16,20
423,423,18,19
424,424,11,21
425,425,16,18
426,426,15,22
427,427,17,21
428,428,14,20
429,429,17,22
430,430,16,24
431,431,18,23
432,432,13,22
433,433,17,24
434,434,16,21
435,435,18,24
436,436,15,23
437,437,18,25
438,438,17,20
439,439,8,24
440,440,15,23
441,441,14,25
442,442,16,22
443,443,13,25
444,444,16,24
445,445,15,26
446,446,17,19
447,447,12,25
448,448,16,24
449,449,15,23
450,450,17,25
451,451,14,22
452,452,17,25
453,453,16,24
454,454,18,26
455,455,11,21
456,456,16,25
457,457,15,24
458,458,17,26
459,459,14,23
460,460,17,26
461,461,16,25
462,462,18,27
463,463,13,21
464,464,17,20
465,465,16,19
466,466,18,21
467,467,15,18
468,468,18,21
469,469,17,20
470,470,10,22
471,471,16,17
472,472,15,21
473,473,17,20
474,474,14,22
475,475,17,19
476,476,16,22
477,477,18,21
478,478,13,23
479,479,17,16
480,480,16,22
481,481,18,21
482,482,15,20
483,483,18,22
484,484,17,19
485,485,19,22
486,486,12,21
487,487,17,23
488,488,16,18
489,489,18,22
490,490,15,21
491,491,18,23
492,492,17,20
493,493,19,23
494,494,14,22
495,495,18,24
496,496,17,15
497,497,19,22
498,498,16,21
499,499,19,20
500,500,18,22
501,501,3,19
502,502,13,22
503,503,12,21
504,504,14,23
505,505,11,18
506,506,14,22
507,507,13,21
508,508,15,23
509,509,10,20
510,510,14,23
511,511,13,22
512,512,15,24
513,513,12,17
514,514,15,22
515,515,14,21
516,516,16,23
517,517,9,20
518,518,14,23
519,519,13,22
520,520,15,24
521,521,12,19
522,522,15,23
523,523,14,22
524,524,16,24
525,525,11,21
526,526,15,24
527,527,14,23
528,528,16,25
529,529,13,19
530,530,16,18
531,531,15,17
532,532,17,20
533,533,8,19
534,534,14,16
535,535,13,20
536,536,15,19
537,537,12,18
538,538,15,20
539,539,14,15
540,540,16,20
541,541,11,19
542,542,15,18
543,543,14,20
544,544,16,17
545,545,13,21
546,546,16,20
547,547,15,19
548,548,17,21
549,549,10,14
550,550,15,20
551,551,14,19
552,552,16,18
553,553,13,20
554,554,16,17
555,555,15,21
556,556,17,20
557,557,12,19
558,558,16,21
559,559,15,16
560,560,17,21
561,561,14,20
562,562,17,19
563,563,16,21
564,564,7,18
565,565,14,22
566,566,13,21
567,567,15,20
568,568,12,22
569,569,15,13
570,570,14,20
571,571,16,19
572,572,11,18
573,573,15,21
574,574,14,20
575,575,16,17
576,576,13,21
577,577,16,20
578,578,15,19
579,579,17,21
580,580,10,16
581,581,15,21
582,582,14,20
583,583,16,19
584,584,13,21
585,585,16,18
586,586,15,22
587,587,17,21
588,588,12,20
589,589,16,22
590,590,15,15
591,591,17,21
592,592,14,20
593,593,17,19
594,594,16,21
595,595,9,18
596,596,15,22
597,597,14,21
598,598,16,20
599,599,13,22
600,600,16,17
601,601,15,22
602,602,17,21
603,603,12,20
604,604,16,22
605,605,15,19
606,606,17,23
607,607,14,22
608,608,17,21
609,609,16,23
610,610,18,12
611,611,11,11
612,612,16,10
613,613,15,13
614,614,17,12
615,615,14,9
616,616,17,13
617,617,16,12
618,618,18,11
619,619,13,14
620,620,17,13
621,621,16,8
622,622,18,13
623,623,15,12
624,624,18,11
625,625,17,14
626,626,6,13
627,627,14,10
628,628,13,14
629,629,15,13
630,630,12,12
631,631,15,14
632,632,14,7
633,633,16,13
634,634,11,12
635,635,15,11
636,636,14,14
637,637,16,13
638,638,13,10
639,639,16,14
640,640,15,13
641,641,17,12
642,642,10,15
643,643,15,14
644,644,14,9
645,645,16,14
646,646,13,13
647,647,16,12
648,648,15,15
649,649,17,14
650,650,12,11
651,651,16,15
652,652,15,14
653,653,17,13
654,654,14,15
655,655,17,6
656,656,16,13
657,657,18,12
658,658,9,11
659,659,15,14
660,660,14,13
661,661,16,10
662,662,13,14
663,663,16,13
664,664,15,12
665,665,17,15
666,666,12,14
667,667,16,9
668,668,15,14
669,669,17,13
670,670,14,12
671,671,17,15
672,672,16,14
673,673,18,11
674,674,11,15
675,675,16,14
676,676,15,13
677,677,17,15
678,678,14,8
679,679,17,14
680,680,16,13
681,681,18,12
682,682,13,15
683,683,17,14
684,684,16,11
685,685,18,15
686,686,15,14
687,687,18,13
688,688,17,15
689,689,8,10
690,690,15,15
691,691,14,14
692,692,16,13
693,693,13,16
694,694,16,15
695,695,15,12
696,696,17,16
697,697,12,15
698,698,16,14
699,699,15,16
700,700,17,5
701,701,14,13
702,702,17,12
703,703,16,11
704,704,18,14
705,705,11,13
706,706,16,10
707,707,15,14
708,708,17,13
709,709,14,12
710,710,17,15
711,711,16,14
712,712,18,9
713,713,13,14
714,714,17,13
715,715,16,12
716,716,18,15
717,717,15,14
718,718,18,11
719,719,17,15
720,720,10,14
721,721,16,13
722,722,15,15
723,723,17,8
724,724,14,14
725,725,17,13
726,726,16,12
727,727,18,15
728,728,13,14
729,729,17,11
730,730,16,15
731,731,18,14
732,732,15,13
733,733,18,16
734,734,17,15
735,735,19,10
736,736,12,15
737,737,17,14
738,738,16,13
739,739,18,16
740,740,15,15
741,741,18,12
742,742,17,16
743,743,19,15
744,744,14,14
745,745,18,16
746,746,17,7
747,747,19,14
748,748,16,13
749,749,19,12
750,750,18,15
751,751,5,14
752,752,14,11
753,753,13,15
754,754,15,14
755,755,12,13
756,756,15,16
757,757,14,15
758,758,16,10
759,759,11,15
760,760,15,14
761,761,14,13
762,762,16,16
763,763,13,15
764,764,16,12
765,765,15,16
766,766,17,15
767,767,10,14
768,768,15,16
769,769,14,9
770,770,16,15
771,771,13,14
772,772,16,13
773,773,15,16
774,774,17,15
775,775,12,12
776,776,16,16
777,777,15,15
778,778,17,14
779,779,14,16
780,780,17,11
781,781,16,16
782,782,18,15
783,783,9,14
784,784,15,17
785,785,14,16
786,786,16,13
787,787,13,17
788,788,16,16
789,789,15,15
790,790,17,17
791,791,12,22
792,792,16,21
793,793,15,23
794,794,17,20
795,795,14,23
796,796,17,22
797,797,16,19
798,798,18,23
799,799,11,22
800,800,16,21
801,801,15,24
802,802,17,23
803,803,14,18
804,804,17,23
805,805,16,22
806,806,18,24
807,807,13,21
808,808,17,24
809,809,16,23
810,810,18,20
811,811,15,24
812,812,18,23
813,813,17,22
814,814,8,25
815,815,15,24
816,816,14,17
817,817,16,23
818,818,13,22
819,819,16,24
820,820,15,21
821,821,17,24
822,822,12,23
823,823,16,20
824,824,15,24
825,825,17,23
826,826,14,22
827,827,17,25
828,828,16,24
829,829,18,19
830,830,11,24
831,831,16,23
832,832,15,25
833,833,17,22
834,834,14,25
835,835,17,24
836,836,16,21
837,837,18,25
838,838,13,24
839,839,17,23
840,840,16,26
841,841,18,25
842,842,15,13
843,843,18,12
844,844,17,11
845,845,10,14
846,846,16,13
847,847,15,10
848,848,17,14
849,849,14,13
850,850,17,12
851,851,16,14
852,852,18,9
853,853,13,14
854,854,17,13
855,855,16,12
856,856,18,15
857,857,15,14
858,858,18,11
859,859,17,15
860,860,19,14
861,861,12,13
862,862,17,15
863,863,16,8
864,864,18,14
865,865,15,13
866,866,18,12
867,867,17,15
868,868,19,14
869,869,14,11
870,870,18,15
871,871,17,14
872,872,19,13
873,873,16,15
874,874,19,10
875,875,18,15
876,876,7,14
877,877,15,13
878,878,14,16
879,879,16,15
880,880,13,12
881,881,16,16
882,882,15,15
883,883,17,14
884,884,12,16
885,885,16,7
886,886,15,14
887,887,17,13
888,888,14,12
889,889,17,15
890,890,16,14
891,891,18,11
892,892,11,15
893,893,16,14
894,894,15,13
895,895,17,15
896,896,14,10
897,897,17,15
898,898,16,14
899,899,18,13
900,900,13,16
901,901,17,15
902,902,16,12
903,903,18,16
904,904,15,15
905,905,18,14
906,906,17,16
907,907,19,9
908,908,10,15
909,909,16,14
910,910,15,13
911,911,17,16
912,912,14,15
913,913,17,12
914,914,16,16
915,915,18,15
916,916,13,14
917,917,17,16
918,918,16,11
919,919,18,16
920,920,15,15
921,921,18,14
922,922,17,16
923,923,19,13
924,924,12,17
925,925,17,16
926,926,16,15
927,927,18,17
928,928,15,6
929,929,18,14
930,930,17,13
931,931,19,12
932,932,14,15
933,933,18,14
934,934,17,11
935,935,19,15
936,936,16,14
937,937,19,13
938,938,18,15
939,939,9,10
940,940,16,15
941,941,15,14
942,942,17,13
943,943,14,16
944,944,17,15
945,945,16,12
946,946,18,16
947,947,13,15
948,948,17,14
949,949,16,16
950,950,18,9
951,951,15,15
952,952,18,14
953,953,17,13
954,954,19,16
955,955,12,15
956,956,17,12
957,957,16,16
958,958,18,15
959,959,15,14
960,960,18,16
961,961,17,11
962,962,19,16
963,963,14,15
964,964,18,14
965,965,17,17
966,966,19,16
967,967,16,13
968,968,19,17
969,969,18,16
970,970,11,15
971,971,17,17
972,972,16,8
973,973,18,15
974,974,15,14
975,975,18,13
976,976,17,16
977,977,19,15
978,978,14,12
979,979,18,16
980,980,17,15
981,981,19,14
982,982,16,16
983,983,19,11
984,984,18,16
985,985,20,15
986,986,13,14
987,987,18,17
988,988,17,16
989,989,19,13
990,990,16,17
991,991,19,16
992,992,18,15
993,993,20,17
994,994,15,10
995,995,19,16
996,996,18,15
997,997,20,14
998,998,17,17
999,999,20,16
1000,1000,19,13
1001,1001,2,17
1002,1002,13,16
1003,1003,12,15
1004,1004,14,17
1005,1005,11,12
1006,1006,14,17
1007,1007,13,16
1008,1008,15,15
1009,1009,10,17
1010,1010,14,14
1011,1011,13,18
1012,1012,15,17
1013,1013,12,16
1014,1014,15,18
1015,1015,14,14
1016,1016,16,13
1017,1017,9,15
1018,1018,14,12
1019,1019,13,15
1020,1020,15,14
1021,1021,12,16
1022,1022,15,11
1023,1023,14,15
1024,1024,16,14
1025,1025,11,16
1026,1026,15,13
1027,1027,14,16
1028,1028,16,15
1029,1029,13,17
1030,1030,16,10
1031,1031,15,15
1032,1032,17,14
1033,1033,8,16
1034,1034,14,13
1035,1035,13,16
1036,1036,15,15
1037,1037,12,17
1038,1038,15,12
1039,1039,14,16
1040,1040,16,15
1041,1041,11,17
1042,1042,15,14
1043,1043,14,17
1044,1044,16,16
1045,1045,13,18
1046,1046,16,9
1047,1047,15,15
1048,1048,17,14
1049,1049,10,16
1050,1050,15,13
1051,1051,14,16
1052,1052,16,15
1053,1053,13,17
1054,1054,16,12
1055,1055,15,16
1056,1056,17,15
1057,1057,12,17
1058,1058,16,14
1059,1059,15,17
1060,1060,17,16
1061,1061,14,18
1062,1062,17,11
1063,1063,16,16
1064,1064,7,15
1065,1065,14,17
1066,1066,13,14
1067,1067,15,17
1068,1068,12,16
1069,1069,15,18
1070,1070,14,13
1071,1071,16,17
1072,1072,11,16
1073,1073,15,18
1074,1074,14,15
1075,1075,16,18
1076,1076,13,17
1077,1077,16,19
1078,1078,15,8
1079,1079,17,15
1080,1080,10,14
1081,1081,15,16
1082,1082,14,13
1083,1083,16,16
1084,1084,13,15
1085,1085,16,17
1086,1086,15,12
1087,1087,17,16
1088,1088,12,15
1089,1089,16,17
1090,1090,15,14
1091,1091,17,17
1092,1092,14,16
1093,1093,17,18
1094,1094,16,11
1095,1095,9,16
1096,1096,15,15
1097,1097,14,17
1098,1098,16,14
1099,1099,13,17
1100,1100,16,16
1101,1101,15,18
1102,1102,17,13
1103,1103,12,17
1104,1104,16,16
1105,1105,15,18
1106,1106,17,15
1107,1107,14,18
1108,1108,17,17
1109,1109,16,19
1110,1110,18,10
1111,1111,11,16
1112,1112,16,15
1113,1113,15,17
1114,1114,17,14
1115,1115,14,17
1116,1116,17,16
1117,1117,16,18
1118,1118,18,13
1119,1119,13,17
1120,1120,17,16
1121,1121,16,18
1122,1122,18,15
1123,1123,15,18
1124,1124,18,17
1125,1125,17,19
1126,1126,6,12
1127,1127,14,17
1128,1128,13,16
1129,1129,15,18
1130,1130,12,15
1131,1131,15,18
1132,1132,14,17
1133,1133,16,19
1134,1134,11,14
1135,1135,15,18
1136,1136,14,17
1137,1137,16,19
1138,1138,13,16
1139,1139,16,19
1140,1140,15,18
1141,1141,17,20
1142,1142,10,14
1143,1143,15,13
1144,1144,14,12
1145,1145,16,15
1146,1146,13,14
1147,1147,16,11
1148,1148,15,15
1149,1149,17,14
1150,1150,12,13
1151,1151,16,15
1152,1152,15,10
1153,1153,17,15
1154,1154,14,14
1155,1155,17,13
1156,1156,16,15
1157,1157,18,12
1158,1158,9,16
1159,1159,15,15
1160,1160,14,14
1161,1161,16,16
1162,1162,13,9
1163,1163,16,15
1164,1164,15,14
1165,1165,17,13
1166,1166,12,15
1167,1167,16,12
1168,1168,15,16
1169,1169,17,15
1170,1170,14,14
1171,1171,17,16
1172,1172,16,11
1173,1173,18,16
1174,1174,11,15
1175,1175,16,14
1176,1176,15,16
1177,1177,17,13
1178,1178,14,17
1179,1179,17,16
1180,1180,16,15
1181,1181,18,17
1182,1182,13,8
1183,1183,17,15
1184,1184,16,14
1185,1185,18,13
1186,1186,15,16
1187,1187,18,15
1188,1188,17,12
1189,1189,8,16
1190,1190,15,15
1191,1191,14,14
1192,1192,16,16
1193,1193,13,11
1194,1194,16,16
1195,1195,15,15
1196,1196,17,14
1197,1197,12,16
1198,1198,16,13
1199,1199,15,17
1200,1200,17,16
1201,1201,14,15
1202,1202,17,17
1203,1203,16,10
1204,1204,18,16
1205,1205,11,15
1206,1206,16,14
1207,1207,15,16
1208,1208,17,13
1209,1209,14,17
1210,1210,17,16
1211,1211,16,15
1212,1212,18,17
1213,1213,13,12
1214,1214,17,17
1215,1215,16,16
1216,1216,18,15
1217,1217,15,17
1218,1218,18,14
1219,1219,17,18
1220,1220,10,17
1221,1221,16,16
1222,1222,15,18
1223,1223,17,7
1224,1224,14,15
1225,1225,17,14
1226,1226,16,13
1227,1227,18,16
1228,1228,13,15
1229,1229,17,12
1230,1230,16,16
1231,1231,18,15
1232,1232,15,14
1233,1233,18,16
1234,1234,17,11
1235,1235,19,16
1236,1236,12,15
1237,1237,17,14
1238,1238,16,16
1239,1239,18,13
1240,1240,15,17
1241,1241,18,16
1242,1242,17,15
1243,1243,19,17
1244,1244,14,10
1245,1245,18,16
1246,1246,17,15
1247,1247,19,14
1248,1248,16,16
1249,1249,19,13
1250,1250,18,17
1251,1251,5,16
1252,1252,14,15
1253,1253,13,17
1254,1254,15,12
1255,1255,12,17
1256,1256,15,16
1257,1257,14,15
1258,1258,16,17
1259,1259,11,14
1260,1260,15,18
1261,1261,14,17
1262,1262,16,16
1263,1263,13,18
1264,1264,16,9
1265,1265,15,16
1266,1266,17,15
1267,1267,10,14
1268,1268,15,16
1269,1269,14,13
1270,1270,16,17
1271,1271,13,16
1272,1272,16,15
1273,1273,15,17
1274,1274,17,12
1275,1275,12,17
1276,1276,16,16
1277,1277,15,15
1278,1278,17,17
1279,1279,14,14
1280,1280,17,18
1281,1281,16,17
1282,1282,18,16
1283,1283,9,18
1284,1284,15,11
1285,1285,14,17
1286,1286,16,16
1287,1287,13,15
1288,1288,16,17
1289,1289,15,14
1290,1290,17,18
1291,1291,12,17
1292,1292,16,16
1293,1293,15,18
1294,1294,17,13
1295,1295,14,18
1296,1296,17,17
1297,1297,16,16
1298,1298,18,18
1299,1299,11,15
1300,1300,16,19
1301,1301,15,18
1302,1302,17,17
1303,1303,14,19
1304,1304,17,25
1305,1305,16,24
1306,1306,18,23
1307,1307,13,25
1308,1308,17,22
1309,1309,16,25
1310,1310,18,24
1311,1311,15,26
1312,1312,18,21
1313,1313,17,25
1314,1314,8,24
1315,1315,15,26
1316,1316,14,23
1317,1317,16,26
1318,1318,13,25
1319,1319,16,27
1320,1320,15,20
1321,1321,17,25
1322,1322,12,24
1323,1323,16,26
1324,1324,15,23
1325,1325,17,26
1326,1326,14,25
1327,1327,17,27
1328,1328,16,22
1329,1329,18,26
1330,1330,11,25
1331,1331,16,27
1332,1332,15,24
1333,1333,17,27
1334,1334,14,26
1335,1335,17,28
1336,1336,16,25
1337,1337,18,24
1338,1338,13,23
1339,1339,17,26
1340,1340,16,25
1341,1341,18,22
1342,1342,15,26
1343,1343,18,25
1344,1344,17,24
1345,1345,10,27
1346,1346,16,26
1347,1347,15,21
1348,1348,17,26
1349,1349,14,25
1350,1350,17,24
1351,1351,16,27
1352,1352,18,26
1353,1353,13,23
1354,1354,17,27
1355,1355,16,26
1356,1356,18,25
1357,1357,15,28
1358,1358,18,27
1359,1359,17,20
1360,1360,19,19
1361,1361,12,18
1362,1362,17,20
1363,1363,16,17
1364,1364,18,20
1365,1365,15,19
1366,1366,18,21
1367,1367,17,16
1368,1368,19,20
1369,1369,14,19
1370,1370,18,21
1371,1371,17,18
1372,1372,19,21
1373,1373,16,20
1374,1374,19,22
1375,1375,18,15
1376,1376,7,21
1377,1377,15,20
1378,1378,14,19
1379,1379,16,21
1380,1380,13,18
1381,1381,16,21
1382,1382,15,20
1383,1383,17,22
1384,1384,12,17
1385,1385,16,21
1386,1386,15,20
1387,1387,17,22
1388,1388,14,19
1389,1389,17,22
1390,1390,16,21
1391,1391,18,23
1392,1392,11,14
1393,1393,16,21
1394,1394,15,20
1395,1395,17,19
1396,1396,14,21
1397,1397,17,18
1398,1398,16,21
1399,1399,18,20
1400,1400,13,22
1401,1401,17,17
1402,1402,16,21
1403,1403,18,20
1404,1404,15,22
1405,1405,18,19
1406,1406,17,22
1407,1407,19,21
1408,1408,10,23
1409,1409,16,16
1410,1410,15,22
1411,1411,17,21
1412,1412,14,20
1413,1413,17,22
1414,1414,16,19
1415,1415,18,22
1416,1416,13,21
1417,1417,17,23
1418,1418,16,18
1419,1419,18,22
1420,1420,15,21
1421,1421,18,23
1422,1422,17,20
1423,1423,19,23
1424,1424,12,22
1425,1425,17,24
1426,1426,16,28
1427,1427,18,27
1428,1428,15,29
1429,1429,18,26
1430,1430,17,29
1431,1431,19,28
1432,1432,14,16
1433,1433,18,15
1434,1434,17,17
1435,1435,19,14
1436,1436,16,17
1437,1437,19,16
1438,1438,18,18
1439,1439,9,13
1440,1440,16,17
1441,1441,15,16
1442,1442,17,18
1443,1443,14,15
1444,1444,17,18
1445,1445,16,17
1446,1446,18,12
1447,1447,13,17
1448,1448,17,16
1449,1449,16,18
1450,1450,18,15
1451,1451,15,18
1452,1452,18,17
1453,1453,17,19
1454,1454,19,14
1455,1455,12,18
1456,1456,17,17
1457,1457,16,19
1458,1458,18,16
1459,1459,15,19
1460,1460,18,18
1461,1461,17,11
1462,1462,19,17
1463,1463,14,16
1464,1464,18,18
1465,1465,17,15
1466,1466,19,18
1467,1467,16,17
1468,1468,19,19
1469,1469,18,14
1470,1470,11,18
1471,1471,17,17
1472,1472,16,19
1473,1473,18,16
1474,1474,15,19
1475,1475,18,18
1476,1476,17,13
1477,1477,19,18
1478,1478,14,17
1479,1479,18,19
1480,1480,17,16
1481,1481,19,19
1482,1482,16,18
1483,1483,19,20
1484,1484,18,15
1485,1485,20,19
1486,1486,13,18
1487,1487,18,20
1488,1488,17,17
1489,1489,19,20
1490,1490,16,19
1491,1491,19,10
1492,1492,18,17
1493,1493,20,16
1494,1494,15,18
1495,1495,19,15
1496,1496,18,18
1497,1497,20,17
1498,1498,17,19
1499,1499,20,14
1500,1500,19,18
1501,1501,4,17
1502,1502,14,19
1503,1503,13,16
1504,1504,15,19
1505,1505,12,18
1506,1506,15,13
1507,1507,14,18
1508,1508,16,17
1509,1509,11,19
1510,1510,15,16
1511,1511,14,19
1512,1512,16,18
1513,1513,13,20
1514,1514,16,15
1515,1515,15,19
1516,1516,17,18
1517,1517,10,20
1518,1518,15,17
1519,1519,14,20
1520,1520,16,19
1521,1521,13,12
1522,1522,16,18
1523,1523,15,17
1524,1524,17,19
1525,1525,12,16
1526,1526,16,19
1527,1527,15,18
1528,1528,17,20
1529,1529,14,15
1530,1530,17,19
1531,1531,16,18
1532,1532,18,20
1533,1533,9,17
1534,1534,15,20
1535,1535,14,19
1536,1536,16,14
1537,1537,13,19
1538,1538,16,18
1539,1539,15,20
1540,1540,17,17
1541,1541,12,20
1542,1542,16,19
1543,1543,15,16
1544,1544,17,20
1545,1545,14,19
1546,1546,17,21
1547,1547,16,18
1548,1548,18,21
1549,1549,11,20
1550,1550,16,10
1551,1551,15,9
1552,1552,17,11
1553,1553,14,8
1554,1554,17,11
1555,1555,16,10
1556,1556,18,7
1557,1557,13,11
1558,1558,17,10
1559,1559,16,12
1560,1560,18,9
1561,1561,15,12
1562,1562,18,11
1563,1563,17,6
1564,1564,8,11
1565,1565,15,10
1566,1566,14,12
1567,1567,16,9
1568,1568,13,12
1569,1569,16,11
1570,1570,15,8
1571,1571,17,12
1572,1572,12,11
1573,1573,16,10
1574,1574,15,13
1575,1575,17,12
1576,1576,14,5
1577,1577,17,11
1578,1578,16,10
1579,1579,18,12
1580,1580,11,9
1581,1581,16,12
1582,1582,15,11
1583,1583,17,8
1584,1584,14,12
1585,1585,17,11
1586,1586,16,13
1587,1587,18,10
1588,1588,13,13
1589,1589,17,12
1590,1590,16,7
1591,1591,18,12
1592,1592,15,11
1593,1593,18,13
1594,1594,17,10
1595,1595,10,13
1596,1596,16,12
1597,1597,15,9
1598,1598,17,13
1599,1599,14,12
1600,1600,17,11
1601,1601,16,14
1602,1602,18,13
1603,1603,13,4
1604,1604,17,11
1605,1605,16,10
1606,1606,18,12
1607,1607,15,9
1608,1608,18,12
1609,1609,17,11
1610,1610,19,8
1611,1611,12,12
1612,1612,17,11
1613,1613,16,13
1614,1614,18,10
1615,1615,15,13
1616,1616,18,12
1617,1617,17,7
1618,1618,19,12
1619,1619,14,11
1620,1620,18,13
1621,1621,17,10
1622,1622,19,13
1623,1623,16,12
1624,1624,19,9
1625,1625,18,13
1626,1626,7,12
1627,1627,15,11
1628,1628,14,14
1629,1629,16,13
1630,1630,13,6
1631,1631,16,12
1632,1632,15,11
1633,1633,17,13
1634,1634,12,10
1635,1635,16,13
1636,1636,15,12
1637,1637,17,9
1638,1638,14,13
1639,1639,17,12
1640,1640,16,14
1641,1641,18,11
1642,1642,11,14
1643,1643,16,13
1644,1644,15,8
1645,1645,17,13
1646,1646,14,12
1647,1647,17,14
1648,1648,16,11
1649,1649,18,14
1650,1650,13,13
1651,1651,17,10
1652,1652,16,14
1653,1653,18,13
1654,1654,15,12
1655,1655,18,15
1656,1656,17,14
1657,1657,19,3
1658,1658,10,11
1659,1659,16,10
1660,1660,15,12
1661,1661,17,9
1662,1662,14,12
1663,1663,17,11
1664,1664,16,8
1665,1665,18,12
1666,1666,13,11
1667,1667,17,13
1668,1668,16,10
1669,1669,18,13
1670,1670,15,12
1671,1671,18,7
1672,1672,17,12
1673,1673,19,11
1674,1674,12,13
1675,1675,17,10
1676,1676,16,13
1677,1677,18,12
1678,1678,15,9
1679,1679,18,13
1680,1680,17,12
1681,1681,19,11
1682,1682,14,14
1683,1683,18,13
1684,1684,17,6
1685,1685,19,12
1686,1686,16,11
1687,1687,19,13
1688,1688,18,10
1689,1689,9,13
1690,1690,16,12
1691,1691,15,9
1692,1692,17,13
1693,1693,14,12
1694,1694,17,14
1695,1695,16,11
1696,1696,18,14
1697,1697,13,13
1698,1698,17,8
1699,1699,16,13
1700,1700,18,12
1701,1701,15,14
1702,1702,18,11
1703,1703,17,14
1704,1704,19,13
1705,1705,12,10
1706,1706,17,14
1707,1707,16,13
1708,1708,18,12
1709,1709,15,15
1710,1710,18,14
1711,1711,17,5
1712,1712,19,12
1713,1713,14,11
1714,1714,18,13
1715,1715,17,10
1716,1716,19,13
1717,1717,16,12
1718,1718,19,9
1719,1719,18,13
1720,1720,11,12
1721,1721,17,14
1722,1722,16,11
1723,1723,18,14
1724,1724,15,13
1725,1725,18,8
1726,1726,17,13
1727,1727,19,12
1728,1728,14,14
1729,1729,18,11
1730,1730,17,14
1731,1731,19,13
1732,1732,16,10
1733,1733,19,14
1734,1734,18,13
1735,1735,20,12
1736,1736,13,15
1737,1737,18,14
1738,1738,17,7
1739,1739,19,13
1740,1740,16,12
1741,1741,19,14
1742,1742,18,11
1743,1743,20,14
1744,1744,15,13
1745,1745,19,10
1746,1746,18,14
1747,1747,20,13
1748,1748,17,15
1749,1749,20,12
1750,1750,19,15
1751,1751,6,14
1752,1752,15,9
1753,1753,14,14
1754,1754,16,13
1755,1755,13,15
1756,1756,16,12
1757,1757,15,15
1758,1758,17,14
1759,1759,12,11
1760,1760,16,15
1761,1761,15,14
1762,1762,17,13
1763,1763,14,16
1764,1764,17,15
1765,1765,16,21
1766,1766,18,20
1767,1767,11,22
1768,1768,16,19
1769,1769,15,22
1770,1770,17,21
1771,1771,14,23
1772,1772,17,18
1773,1773,16,22
1774,1774,18,21
1775,1775,13,23
1776,1776,17,20
1777,1777,16,23
1778,1778,18,22
1779,1779,15,17
1780,1780,18,22
1781,1781,17,21
1782,1782,19,23
1783,1783,10,20
1784,1784,16,23
1785,1785,15,22
1786,1786,17,19
1787,1787,14,23
1788,1788,17,22
1789,1789,16,24
1790,1790,18,21
1791,1791,13,24
1792,1792,17,23
1793,1793,16,16
1794,1794,18,22
1795,1795,15,21
1796,1796,18,23
1797,1797,17,20
1798,1798,19,23
1799,1799,12,22
1800,1800,17,19
1801,1801,16,23
1802,1802,18,22
1803,1803,15,24
1804,1804,18,21
1805,1805,17,24
1806,1806,19,23
1807,1807,14,18
1808,1808,18,23
1809,1809,17,22
1810,1810,19,24
1811,1811,16,21
1812,1812,19,24
1813,1813,18,23
1814,1814,9,20
1815,1815,16,24
1816,1816,15,23
1817,1817,17,25
1818,1818,14,22
1819,1819,17,25
1820,1820,16,24
1821,1821,18,26
1822,1822,13,25
1823,1823,17,24
1824,1824,16,26
1825,1825,18,23
1826,1826,15,26
1827,1827,18,25
1828,1828,17,27
1829,1829,19,22
1830,1830,12,27
1831,1831,17,26
1832,1832,16,25
1833,1833,18,27
1834,1834,15,24
1835,1835,18,27
1836,1836,17,26
1837,1837,19,28
1838,1838,14,27
1839,1839,18,26
1840,1840,17,25
1841,1841,19,27
1842,1842,16,24
1843,1843,19,27
1844,1844,18,26
1845,1845,11,28
1846,1846,17,23
1847,1847,16,28
1848,1848,18,27
1849,1849,15,26
1850,1850,18,28
1851,1851,17,25
1852,1852,19,28
1853,1853,14,27
1854,1854,18,29
1855,1855,17,15
1856,1856,19,14
1857,1857,16,16
1858,1858,19,13
1859,1859,18,16
1860,1860,20,15
1861,1861,13,17
1862,1862,18,12
1863,1863,17,16
1864,1864,19,15
1865,1865,16,17
1866,1866,19,14
1867,1867,18,17
1868,1868,20,16
1869,1869,15,18
1870,1870,19,11
1871,1871,18,16
1872,1872,20,15
1873,1873,17,17
1874,1874,20,14
1875,1875,19,17
1876,1876,8,16
1877,1877,16,18
1878,1878,15,13
1879,1879,17,17
1880,1880,14,16
1881,1881,17,18
1882,1882,16,15
1883,1883,18,18
1884,1884,13,17
1885,1885,17,19
1886,1886,16,10
1887,1887,18,16
1888,1888,15,15
1889,1889,18,17
1890,1890,17,14
1891,1891,19,17
1892,1892,12,16
1893,1893,17,18
1894,1894,16,13
1895,1895,18,17
1896,1896,15,16
1897,1897,18,18
1898,1898,17,15
1899,1899,19,18
1900,1900,14,17
1901,1901,18,19
1902,1902,17,12
1903,1903,19,17
1904,1904,16,16
1905,1905,19,18
1906,1906,18,15
1907,1907,20,18
1908,1908,11,17
1909,1909,17,19
1910,1910,16,14
1911,1911,18,18
1912,1912,15,17
1913,1913,18,19
1914,1914,17,16
1915,1915,19,19
1916,1916,14,18
1917,1917,18,20
1918,1918,17,9
1919,1919,19,16
1920,1920,16,15
1921,1921,19,17
1922,1922,18,14
1923,1923,20,17
1924,1924,13,16
1925,1925,18,18
1926,1926,17,13
1927,1927,19,17
1928,1928,16,16
1929,1929,19,18
1930,1930,18,15
1931,1931,20,18
1932,1932,15,17
1933,1933,19,19
1934,1934,18,12
1935,1935,20,17
1936,1936,17,16
1937,1937,20,18
1938,1938,19,15
1939,1939,10,18
1940,1940,17,17
1941,1941,16,19
1942,1942,18,14
1943,1943,15,18
1944,1944,18,17
1945,1945,17,19
1946,1946,19,16
1947,1947,14,19
1948,1948,18,18
1949,1949,17,20
1950,1950,19,11
1951,1951,16,17
1952,1952,19,16
1953,1953,18,18
1954,1954,20,15
1955,1955,13,18
1956,1956,18,17
1957,1957,17,19
1958,1958,19,14
1959,1959,16,18
1960,1960,19,17
1961,1961,18,19
1962,1962,20,16
1963,1963,15,19
1964,1964,19,18
1965,1965,18,20
1966,1966,20,13
1967,1967,17,18
1968,1968,20,17
1969,1969,19,19
1970,1970,12,16
1971,1971,18,19
1972,1972,17,18
1973,1973,19,20
1974,1974,16,15
1975,1975,19,19
1976,1976,18,18
1977,1977,20,20
1978,1978,15,17
1979,1979,19,20
1980,1980,18,19
1981,1981,20,27
1982,1982,17,26
1983,1983,20,28
1984,1984,19,25
1985,1985,21,28
1986,1986,14,27
1987,1987,19,29
1988,1988,18,27
1989,1989,20,26
1990,1990,17,28
1991,1991,20,25
1992,1992,19,28
1993,1993,21,27
1994,1994,16,24
1995,1995,20,28
1996,1996,19,27
1997,1997,21,29
1998,1998,18,26
1999,1999,21,29
2000,2000,20,28
